db,db_label,prompt_type,category,imagery,count,proportion,poem_coverage_count,poem_coverage_ratio,db_poem_coverage_ratio,lift_vs_db,rank,category_poem_count,total_imagery_tokens
a1,无限制生成,type_c,咏物寄托,代码,14,0.038043,14,0.388889,0.054726,7.106061,1,36,368
a1,无限制生成,type_c,咏物寄托,数据,11,0.029891,11,0.305556,0.057214,5.340580,2,36,368
a1,无限制生成,type_c,咏物寄托,算法,8,0.021739,8,0.222222,0.047264,4.701754,3,36,368
a1,无限制生成,type_c,咏物寄托,星河,7,0.019022,7,0.194444,0.084577,2.299020,4,36,368
a1,无限制生成,type_c,咏物寄托,键盘,7,0.019022,7,0.194444,0.027363,7.106061,5,36,368
a1,无限制生成,type_c,咏物寄托,流光,6,0.016304,6,0.166667,0.062189,2.680000,6,36,368
a1,无限制生成,type_c,咏物寄托,屏幕,5,0.013587,5,0.138889,0.014925,9.305556,7,36,368
a1,无限制生成,type_c,咏物寄托,荧屏,4,0.010870,4,0.111111,0.032338,3.435897,8,36,368
a1,无限制生成,type_c,咏物寄托,孤山,3,0.008152,3,0.083333,0.007463,11.166667,9,36,368
a1,无限制生成,type_c,咏物寄托,光影,3,0.008152,3,0.083333,0.014925,5.583333,10,36,368
a1,无限制生成,type_c,咏物寄托,网络,3,0.008152,3,0.083333,0.017413,4.785714,11,36,368
a1,无限制生成,type_c,咏物寄托,信息,3,0.008152,3,0.083333,0.009950,8.375000,12,36,368
a1,无限制生成,type_c,咏物寄托,云端,3,0.008152,3,0.083333,0.019900,4.187500,13,36,368
a1,无限制生成,type_c,咏物寄托,梅影,2,0.005435,2,0.055556,0.007463,7.444444,14,36,368
a1,无限制生成,type_c,咏物寄托,暗香,2,0.005435,2,0.055556,0.019900,2.791667,15,36,368
a1,无限制生成,type_c,咏物寄托,尺素,2,0.005435,2,0.055556,0.017413,3.190476,16,36,368
a1,无限制生成,type_c,咏物寄托,东风,2,0.005435,2,0.055556,0.014925,3.722222,17,36,368
a1,无限制生成,type_c,咏物寄托,梅花,2,0.005435,2,0.055556,0.019900,2.791667,18,36,368
a1,无限制生成,type_c,咏物寄托,故园,2,0.005435,2,0.055556,0.022388,2.481481,19,36,368
a1,无限制生成,type_c,咏物寄托,云影,2,0.005435,2,0.055556,0.029851,1.861111,20,36,368
a1,无限制生成,type_c,山水田园,清露,3,0.016667,3,0.187500,0.042289,4.433824,1,16,180
a1,无限制生成,type_c,山水田园,斜阳,2,0.011111,2,0.125000,0.072139,1.732759,2,16,180
a1,无限制生成,type_c,山水田园,云,2,0.011111,2,0.125000,0.034826,3.589286,3,16,180
a1,无限制生成,type_c,山水田园,远岫,2,0.011111,2,0.125000,0.024876,5.025000,4,16,180
a1,无限制生成,type_c,山水田园,流水,2,0.011111,2,0.125000,0.044776,2.791667,5,16,180
a1,无限制生成,type_c,山水田园,野菊,2,0.011111,2,0.125000,0.009950,12.562500,6,16,180
a1,无限制生成,type_c,山水田园,石径,2,0.011111,2,0.125000,0.014925,8.375000,7,16,180
a1,无限制生成,type_c,山水田园,落叶,2,0.011111,2,0.125000,0.039801,3.140625,8,16,180
a1,无限制生成,type_c,山水田园,晚晴,2,0.011111,2,0.125000,0.007463,16.750000,9,16,180
a1,无限制生成,type_c,山水田园,枫林,1,0.005556,1,0.062500,0.027363,2.284091,10,16,180
a1,无限制生成,type_c,山水田园,雁影,1,0.005556,1,0.062500,0.014925,4.187500,11,16,180
a1,无限制生成,type_c,山水田园,寒波,1,0.005556,1,0.062500,0.007463,8.375000,12,16,180
a1,无限制生成,type_c,山水田园,残霞,1,0.005556,1,0.062500,0.007463,8.375000,13,16,180
a1,无限制生成,type_c,山水田园,孤舟,1,0.005556,1,0.062500,0.136816,0.456818,14,16,180
a1,无限制生成,type_c,山水田园,横笛,1,0.005556,1,0.062500,0.009950,6.281250,15,16,180
a1,无限制生成,type_c,山水田园,荻芦,1,0.005556,1,0.062500,0.002488,25.125000,16,16,180
a1,无限制生成,type_c,山水田园,柳岸,1,0.005556,1,0.062500,0.012438,5.025000,17,16,180
a1,无限制生成,type_c,山水田园,宿鹭,1,0.005556,1,0.062500,0.012438,5.025000,18,16,180
a1,无限制生成,type_c,山水田园,蓼花,1,0.005556,1,0.062500,0.004975,12.562500,19,16,180
a1,无限制生成,type_c,山水田园,冷月,1,0.005556,1,0.062500,0.032338,1.932692,20,16,180
a1,无限制生成,type_c,怀古咏史,西风,5,0.017986,5,0.227273,0.166667,1.363636,1,22,278
a1,无限制生成,type_c,怀古咏史,雁字,4,0.014388,4,0.181818,0.079602,2.284091,2,22,278
a1,无限制生成,type_c,怀古咏史,星斗,4,0.014388,4,0.181818,0.059701,3.045455,3,22,278
a1,无限制生成,type_c,怀古咏史,芦花,3,0.010791,3,0.136364,0.129353,1.054196,4,22,278
a1,无限制生成,type_c,怀古咏史,明月,3,0.010791,3,0.136364,0.116915,1.166344,5,22,278
a1,无限制生成,type_c,怀古咏史,银河,3,0.010791,3,0.136364,0.047264,2.885167,6,22,278
a1,无限制生成,type_c,怀古咏史,斜阳,3,0.010791,3,0.136364,0.072139,1.890282,7,22,278
a1,无限制生成,type_c,怀古咏史,暮色,2,0.007194,2,0.090909,0.049751,1.827273,8,22,278
a1,无限制生成,type_c,怀古咏史,烟波,2,0.007194,2,0.090909,0.082090,1.107438,9,22,278
a1,无限制生成,type_c,怀古咏史,重关,2,0.007194,2,0.090909,0.007463,12.181818,10,22,278
a1,无限制生成,type_c,怀古咏史,寒鸦,2,0.007194,2,0.090909,0.022388,4.060606,11,22,278
a1,无限制生成,type_c,怀古咏史,暗香,2,0.007194,2,0.090909,0.019900,4.568182,12,22,278
a1,无限制生成,type_c,怀古咏史,寒蛩,2,0.007194,2,0.090909,0.022388,4.060606,13,22,278
a1,无限制生成,type_c,怀古咏史,乱云,2,0.007194,2,0.090909,0.017413,5.220779,14,22,278
a1,无限制生成,type_c,怀古咏史,金戈,2,0.007194,2,0.090909,0.009950,9.136364,15,22,278
a1,无限制生成,type_c,怀古咏史,铁马,2,0.007194,2,0.090909,0.014925,6.090909,16,22,278
a1,无限制生成,type_c,怀古咏史,青山,2,0.007194,2,0.090909,0.052239,1.740260,17,22,278
a1,无限制生成,type_c,怀古咏史,孤灯,2,0.007194,2,0.090909,0.069652,1.305195,18,22,278
a1,无限制生成,type_c,怀古咏史,颓垣,2,0.007194,2,0.090909,0.004975,18.272727,19,22,278
a1,无限制生成,type_c,怀古咏史,云影,2,0.007194,2,0.090909,0.029851,3.045455,20,22,278
a1,无限制生成,type_c,悼亡相思,代码,6,0.014493,6,0.162162,0.054726,2.963145,1,37,414
a1,无限制生成,type_c,悼亡相思,流光,5,0.012077,5,0.135135,0.062189,2.172973,2,37,414
a1,无限制生成,type_c,悼亡相思,落叶,4,0.009662,4,0.108108,0.039801,2.716216,3,37,414
a1,无限制生成,type_c,悼亡相思,寒烟,4,0.009662,4,0.108108,0.039801,2.716216,4,37,414
a1,无限制生成,type_c,悼亡相思,流水,4,0.009662,4,0.108108,0.044776,2.414414,5,37,414
a1,无限制生成,type_c,悼亡相思,尺素,4,0.009662,4,0.108108,0.017413,6.208494,6,37,414
a1,无限制生成,type_c,悼亡相思,飞絮,4,0.009662,4,0.108108,0.017413,6.208494,7,37,414
a1,无限制生成,type_c,悼亡相思,潇湘浦,3,0.007246,3,0.081081,0.012438,6.518919,8,37,414
a1,无限制生成,type_c,悼亡相思,东风,3,0.007246,3,0.081081,0.014925,5.432432,9,37,414
a1,无限制生成,type_c,悼亡相思,阑干,3,0.007246,3,0.081081,0.024876,3.259459,10,37,414
a1,无限制生成,type_c,悼亡相思,小楼,3,0.007246,3,0.081081,0.009950,8.148649,11,37,414
a1,无限制生成,type_c,悼亡相思,细雨,3,0.007246,3,0.081081,0.014925,5.432432,12,37,414
a1,无限制生成,type_c,悼亡相思,灯影,3,0.007246,3,0.081081,0.029851,2.716216,13,37,414
a1,无限制生成,type_c,悼亡相思,数据,3,0.007246,3,0.081081,0.057214,1.417156,14,37,414
a1,无限制生成,type_c,悼亡相思,星空,3,0.007246,3,0.081081,0.012438,6.518919,15,37,414
a1,无限制生成,type_c,悼亡相思,算法,3,0.007246,3,0.081081,0.047264,1.715505,16,37,414
a1,无限制生成,type_c,悼亡相思,冷月,2,0.004831,2,0.054054,0.032338,1.671518,17,37,414
a1,无限制生成,type_c,悼亡相思,空庭,2,0.004831,2,0.054054,0.019900,2.716216,18,37,414
a1,无限制生成,type_c,悼亡相思,孤舟,2,0.004831,2,0.054054,0.136816,0.395086,19,37,414
a1,无限制生成,type_c,悼亡相思,寒星,2,0.004831,2,0.054054,0.037313,1.448649,20,37,414
a1,无限制生成,type_c,春怨秋悲,西风,4,0.016949,4,0.173913,0.166667,1.043478,1,23,236
a1,无限制生成,type_c,春怨秋悲,暮云,4,0.016949,4,0.173913,0.062189,2.796522,2,23,236
a1,无限制生成,type_c,春怨秋悲,斜阳,4,0.016949,4,0.173913,0.072139,2.410795,3,23,236
a1,无限制生成,type_c,春怨秋悲,夜雨,3,0.012712,3,0.130435,0.027363,4.766798,4,23,236
a1,无限制生成,type_c,春怨秋悲,秋光,3,0.012712,3,0.130435,0.019900,6.554348,5,23,236
a1,无限制生成,type_c,春怨秋悲,霓虹,2,0.008475,2,0.086957,0.027363,3.177866,6,23,236
a1,无限制生成,type_c,春怨秋悲,星斗,2,0.008475,2,0.086957,0.059701,1.456522,7,23,236
a1,无限制生成,type_c,春怨秋悲,枫林,2,0.008475,2,0.086957,0.027363,3.177866,8,23,236
a1,无限制生成,type_c,春怨秋悲,明月,2,0.008475,2,0.086957,0.116915,0.743756,9,23,236
a1,无限制生成,type_c,春怨秋悲,落花,2,0.008475,2,0.086957,0.014925,5.826087,10,23,236
a1,无限制生成,type_c,春怨秋悲,孤灯,2,0.008475,2,0.086957,0.069652,1.248447,11,23,236
a1,无限制生成,type_c,春怨秋悲,黄叶,2,0.008475,2,0.086957,0.014925,5.826087,12,23,236
a1,无限制生成,type_c,春怨秋悲,长空,2,0.008475,2,0.086957,0.024876,3.495652,13,23,236
a1,无限制生成,type_c,春怨秋悲,更漏,2,0.008475,2,0.086957,0.014925,5.826087,14,23,236
a1,无限制生成,type_c,春怨秋悲,暮色,2,0.008475,2,0.086957,0.049751,1.747826,15,23,236
a1,无限制生成,type_c,春怨秋悲,岸柳,2,0.008475,2,0.086957,0.019900,4.369565,16,23,236
a1,无限制生成,type_c,春怨秋悲,老桐,2,0.008475,2,0.086957,0.004975,17.478261,17,23,236
a1,无限制生成,type_c,春怨秋悲,碎影,1,0.004237,1,0.043478,0.012438,3.495652,18,23,236
a1,无限制生成,type_c,春怨秋悲,寒秋,1,0.004237,1,0.043478,0.002488,17.478261,19,23,236
a1,无限制生成,type_c,春怨秋悲,车河,1,0.004237,1,0.043478,0.002488,17.478261,20,23,236
a1,无限制生成,type_c,离别羁旅,西风,47,0.027696,47,0.340580,0.166667,2.043478,1,138,1697
a1,无限制生成,type_c,离别羁旅,芦花,44,0.025928,44,0.318841,0.129353,2.464883,2,138,1697
a1,无限制生成,type_c,离别羁旅,孤舟,43,0.025339,43,0.311594,0.136816,2.277470,3,138,1697
a1,无限制生成,type_c,离别羁旅,明月,27,0.015910,27,0.195652,0.116915,1.673451,4,138,1697
a1,无限制生成,type_c,离别羁旅,烟波,24,0.014143,24,0.173913,0.082090,2.118577,5,138,1697
a1,无限制生成,type_c,离别羁旅,渔灯,22,0.012964,22,0.159420,0.054726,2.913043,6,138,1697
a1,无限制生成,type_c,离别羁旅,烟水,19,0.011196,19,0.137681,0.057214,2.406427,7,138,1697
a1,无限制生成,type_c,离别羁旅,孤灯,18,0.010607,18,0.130435,0.069652,1.872671,8,138,1697
a1,无限制生成,type_c,离别羁旅,雁字,18,0.010607,18,0.130435,0.079602,1.638587,9,138,1697
a1,无限制生成,type_c,离别羁旅,寒江,15,0.008839,15,0.108696,0.052239,2.080745,10,138,1697
a1,无限制生成,type_c,离别羁旅,渔笛,14,0.008250,14,0.101449,0.042289,2.398977,11,138,1697
a1,无限制生成,type_c,离别羁旅,斜阳,13,0.007661,13,0.094203,0.072139,1.305847,12,138,1697
a1,无限制生成,type_c,离别羁旅,暮云,12,0.007071,12,0.086957,0.062189,1.398261,13,138,1697
a1,无限制生成,type_c,离别羁旅,星影,12,0.007071,12,0.086957,0.034826,2.496894,14,138,1697
a1,无限制生成,type_c,离别羁旅,雁声,11,0.006482,11,0.079710,0.029851,2.670290,15,138,1697
a1,无限制生成,type_c,离别羁旅,霜天,11,0.006482,11,0.079710,0.034826,2.288820,16,138,1697
a1,无限制生成,type_c,离别羁旅,疏星,11,0.006482,11,0.079710,0.034826,2.288820,17,138,1697
a1,无限制生成,type_c,离别羁旅,星河,11,0.006482,11,0.079710,0.084577,0.942455,18,138,1697
a1,无限制生成,type_c,离别羁旅,青山,11,0.006482,11,0.079710,0.052239,1.525880,19,138,1697
a1,无限制生成,type_c,离别羁旅,寒霜,10,0.005893,10,0.072464,0.039801,1.820652,20,138,1697
a1,无限制生成,type_c,谈禅说理,星河,5,0.016779,5,0.166667,0.084577,1.970588,1,30,298
a1,无限制生成,type_c,谈禅说理,银河,5,0.016779,5,0.166667,0.047264,3.526316,2,30,298
a1,无限制生成,type_c,谈禅说理,算法,4,0.013423,4,0.133333,0.047264,2.821053,3,30,298
a1,无限制生成,type_c,谈禅说理,数据,3,0.010067,3,0.100000,0.057214,1.747826,4,30,298
a1,无限制生成,type_c,谈禅说理,云,3,0.010067,3,0.100000,0.034826,2.871429,5,30,298
a1,无限制生成,type_c,谈禅说理,虚空,3,0.010067,3,0.100000,0.017413,5.742857,6,30,298
a1,无限制生成,type_c,谈禅说理,芥子,3,0.010067,3,0.100000,0.007463,13.400000,7,30,298
a1,无限制生成,type_c,谈禅说理,须弥,3,0.010067,3,0.100000,0.007463,13.400000,8,30,298
a1,无限制生成,type_c,谈禅说理,灵犀,3,0.010067,3,0.100000,0.017413,5.742857,9,30,298
a1,无限制生成,type_c,谈禅说理,星槎,2,0.006711,2,0.066667,0.037313,1.786667,10,30,298
a1,无限制生成,type_c,谈禅说理,银汉,2,0.006711,2,0.066667,0.027363,2.436364,11,30,298
a1,无限制生成,type_c,谈禅说理,云鹤,2,0.006711,2,0.066667,0.004975,13.400000,12,30,298
a1,无限制生成,type_c,谈禅说理,玉宇,2,0.006711,2,0.066667,0.009950,6.700000,13,30,298
a1,无限制生成,type_c,谈禅说理,空庭,2,0.006711,2,0.066667,0.019900,3.350000,14,30,298
a1,无限制生成,type_c,谈禅说理,星斗,2,0.006711,2,0.066667,0.059701,1.116667,15,30,298
a1,无限制生成,type_c,谈禅说理,河汉,2,0.006711,2,0.066667,0.007463,8.933333,16,30,298
a1,无限制生成,type_c,谈禅说理,白露,2,0.006711,2,0.066667,0.009950,6.700000,17,30,298
a1,无限制生成,type_c,谈禅说理,芳醑,2,0.006711,2,0.066667,0.004975,13.400000,18,30,298
a1,无限制生成,type_c,谈禅说理,寒星,2,0.006711,2,0.066667,0.037313,1.786667,19,30,298
a1,无限制生成,type_c,谈禅说理,万象,2,0.006711,2,0.066667,0.007463,8.933333,20,30,298
a1,无限制生成,type_c,豪情壮志,星河,8,0.017817,8,0.195122,0.084577,2.307030,1,41,449
a1,无限制生成,type_c,豪情壮志,银汉,7,0.015590,7,0.170732,0.027363,6.239468,2,41,449
a1,无限制生成,type_c,豪情壮志,星斗,6,0.013363,6,0.146341,0.059701,2.451220,3,41,449
a1,无限制生成,type_c,豪情壮志,长空,5,0.011136,5,0.121951,0.024876,4.902439,4,41,449
a1,无限制生成,type_c,豪情壮志,数据,5,0.011136,5,0.121951,0.057214,2.131495,5,41,449
a1,无限制生成,type_c,豪情壮志,尘寰,5,0.011136,5,0.121951,0.014925,8.170732,6,41,449
a1,无限制生成,type_c,豪情壮志,流光,5,0.011136,5,0.121951,0.062189,1.960976,7,41,449
a1,无限制生成,type_c,豪情壮志,吴钩,4,0.008909,4,0.097561,0.017413,5.602787,8,41,449
a1,无限制生成,type_c,豪情壮志,长风,4,0.008909,4,0.097561,0.012438,7.843902,9,41,449
a1,无限制生成,type_c,豪情壮志,危楼,4,0.008909,4,0.097561,0.037313,2.614634,10,41,449
a1,无限制生成,type_c,豪情壮志,暮云,3,0.006682,3,0.073171,0.062189,1.176585,11,41,449
a1,无限制生成,type_c,豪情壮志,星槎,3,0.006682,3,0.073171,0.037313,1.960976,12,41,449
a1,无限制生成,type_c,豪情壮志,冰轮,3,0.006682,3,0.073171,0.009950,7.353659,13,41,449
a1,无限制生成,type_c,豪情壮志,嫦娥,3,0.006682,3,0.073171,0.009950,7.353659,14,41,449
a1,无限制生成,type_c,豪情壮志,琉璃,3,0.006682,3,0.073171,0.014925,4.902439,15,41,449
a1,无限制生成,type_c,豪情壮志,北斗,3,0.006682,3,0.073171,0.017413,4.202091,16,41,449
a1,无限制生成,type_c,豪情壮志,铁马,3,0.006682,3,0.073171,0.014925,4.902439,17,41,449
a1,无限制生成,type_c,豪情壮志,西风,3,0.006682,3,0.073171,0.166667,0.439024,18,41,449
a1,无限制生成,type_c,豪情壮志,明月,3,0.006682,3,0.073171,0.116915,0.625843,19,41,449
a1,无限制生成,type_c,豪情壮志,关山,3,0.006682,3,0.073171,0.032338,2.262664,20,41,449
a1,无限制生成,type_c,闲适隐逸,明月,9,0.013353,9,0.152542,0.116915,1.304724,1,59,674
a1,无限制生成,type_c,闲适隐逸,孤舟,7,0.010386,7,0.118644,0.136816,0.867180,2,59,674
a1,无限制生成,type_c,闲适隐逸,松风,7,0.010386,7,0.118644,0.022388,5.299435,3,59,674
a1,无限制生成,type_c,闲适隐逸,清露,5,0.007418,5,0.084746,0.042289,2.003988,4,59,674
a1,无限制生成,type_c,闲适隐逸,雁字,5,0.007418,5,0.084746,0.079602,1.064619,5,59,674
a1,无限制生成,type_c,闲适隐逸,西风,5,0.007418,5,0.084746,0.166667,0.508475,6,59,674
a1,无限制生成,type_c,闲适隐逸,芦花,5,0.007418,5,0.084746,0.129353,0.655150,7,59,674
a1,无限制生成,type_c,闲适隐逸,清风,5,0.007418,5,0.084746,0.027363,3.097072,8,59,674
a1,无限制生成,type_c,闲适隐逸,夕阳,4,0.005935,4,0.067797,0.022388,3.028249,9,59,674
a1,无限制生成,type_c,闲适隐逸,暮色,4,0.005935,4,0.067797,0.049751,1.362712,10,59,674
a1,无限制生成,type_c,闲适隐逸,轻舟,4,0.005935,4,0.067797,0.014925,4.542373,11,59,674
a1,无限制生成,type_c,闲适隐逸,空山,4,0.005935,4,0.067797,0.014925,4.542373,12,59,674
a1,无限制生成,type_c,闲适隐逸,斜阳,4,0.005935,4,0.067797,0.072139,0.939801,13,59,674
a1,无限制生成,type_c,闲适隐逸,石径,4,0.005935,4,0.067797,0.014925,4.542373,14,59,674
a1,无限制生成,type_c,闲适隐逸,白云,3,0.004451,3,0.050847,0.009950,5.110169,15,59,674
a1,无限制生成,type_c,闲适隐逸,晚风,3,0.004451,3,0.050847,0.037313,1.362712,16,59,674
a1,无限制生成,type_c,闲适隐逸,落叶,3,0.004451,3,0.050847,0.039801,1.277542,17,59,674
a1,无限制生成,type_c,闲适隐逸,暮云,3,0.004451,3,0.050847,0.062189,0.817627,18,59,674
a1,无限制生成,type_c,闲适隐逸,星斗,3,0.004451,3,0.050847,0.059701,0.851695,19,59,674
a1,无限制生成,type_c,闲适隐逸,烟水,3,0.004451,3,0.050847,0.057214,0.888725,20,59,674
b1,五词牌-无主题,type_b,咏物寄托,代码,12,0.075472,12,0.705882,0.032070,22.010695,1,17,159
b1,五词牌-无主题,type_b,咏物寄托,数据,9,0.056604,9,0.529412,0.036443,14.527059,2,17,159
b1,五词牌-无主题,type_b,咏物寄托,荧屏,5,0.031447,5,0.294118,0.014577,20.176471,3,17,159
b1,五词牌-无主题,type_b,咏物寄托,屏幕,5,0.031447,5,0.294118,0.014577,20.176471,4,17,159
b1,五词牌-无主题,type_b,咏物寄托,算法,5,0.031447,5,0.294118,0.021866,13.450980,5,17,159
b1,五词牌-无主题,type_b,咏物寄托,幻影,4,0.025157,4,0.235294,0.007289,32.282353,6,17,159
b1,五词牌-无主题,type_b,咏物寄托,信息,4,0.025157,4,0.235294,0.014577,16.141176,7,17,159
b1,五词牌-无主题,type_b,咏物寄托,云端,2,0.012579,2,0.117647,0.010204,11.529412,8,17,159
b1,五词牌-无主题,type_b,咏物寄托,洪流,2,0.012579,2,0.117647,0.005831,20.176471,9,17,159
b1,五词牌-无主题,type_b,咏物寄托,夜色,2,0.012579,2,0.117647,0.024781,4.747405,10,17,159
b1,五词牌-无主题,type_b,咏物寄托,比特,2,0.012579,2,0.117647,0.002915,40.352941,11,17,159
b1,五词牌-无主题,type_b,咏物寄托,光影,2,0.012579,2,0.117647,0.008746,13.450980,12,17,159
b1,五词牌-无主题,type_b,咏物寄托,网络,2,0.012579,2,0.117647,0.017493,6.725490,13,17,159
b1,五词牌-无主题,type_b,咏物寄托,键盘,2,0.012579,2,0.117647,0.013120,8.967320,14,17,159
b1,五词牌-无主题,type_b,咏物寄托,流光,2,0.012579,2,0.117647,0.007289,16.141176,15,17,159
b1,五词牌-无主题,type_b,咏物寄托,网海,2,0.012579,2,0.117647,0.005831,20.176471,16,17,159
b1,五词牌-无主题,type_b,咏物寄托,AI,2,0.012579,2,0.117647,0.002915,40.352941,17,17,159
b1,五词牌-无主题,type_b,咏物寄托,键声,2,0.012579,2,0.117647,0.002915,40.352941,18,17,159
b1,五词牌-无主题,type_b,咏物寄托,云霞,2,0.012579,2,0.117647,0.016035,7.336898,19,17,159
b1,五词牌-无主题,type_b,咏物寄托,芯片,2,0.012579,2,0.117647,0.007289,16.141176,20,17,159
b1,五词牌-无主题,type_b,山水田园,荷香,6,0.020833,6,0.206897,0.018950,10.917772,1,29,288
b1,五词牌-无主题,type_b,山水田园,斜阳,6,0.020833,6,0.206897,0.088921,2.326738,2,29,288
b1,五词牌-无主题,type_b,山水田园,渔歌,4,0.013889,4,0.137931,0.027697,4.980036,3,29,288
b1,五词牌-无主题,type_b,山水田园,疏钟,4,0.013889,4,0.137931,0.040816,3.379310,4,29,288
b1,五词牌-无主题,type_b,山水田园,野岸,3,0.010417,3,0.103448,0.008746,11.827586,5,29,288
b1,五词牌-无主题,type_b,山水田园,归鸦,3,0.010417,3,0.103448,0.020408,5.068966,6,29,288
b1,五词牌-无主题,type_b,山水田园,垂杨,3,0.010417,3,0.103448,0.020408,5.068966,7,29,288
b1,五词牌-无主题,type_b,山水田园,古渡,3,0.010417,3,0.103448,0.018950,5.458886,8,29,288
b1,五词牌-无主题,type_b,山水田园,归禽,3,0.010417,3,0.103448,0.005831,17.741379,9,29,288
b1,五词牌-无主题,type_b,山水田园,归鸟,3,0.010417,3,0.103448,0.014577,7.096552,10,29,288
b1,五词牌-无主题,type_b,山水田园,清风,2,0.006944,2,0.068966,0.039359,1.752235,11,29,288
b1,五词牌-无主题,type_b,山水田园,水云,2,0.006944,2,0.068966,0.016035,4.300940,12,29,288
b1,五词牌-无主题,type_b,山水田园,平波,2,0.006944,2,0.068966,0.004373,15.770115,13,29,288
b1,五词牌-无主题,type_b,山水田园,残阳,2,0.006944,2,0.068966,0.021866,3.154023,14,29,288
b1,五词牌-无主题,type_b,山水田园,沙鸥,2,0.006944,2,0.068966,0.042274,1.631391,15,29,288
b1,五词牌-无主题,type_b,山水田园,归云,2,0.006944,2,0.068966,0.008746,7.885057,16,29,288
b1,五词牌-无主题,type_b,山水田园,远岫,2,0.006944,2,0.068966,0.049563,1.391481,17,29,288
b1,五词牌-无主题,type_b,山水田园,柴扉,2,0.006944,2,0.068966,0.007289,9.462069,18,29,288
b1,五词牌-无主题,type_b,山水田园,荷风,2,0.006944,2,0.068966,0.004373,15.770115,19,29,288
b1,五词牌-无主题,type_b,山水田园,寒汀,2,0.006944,2,0.068966,0.023324,2.956897,20,29,288
b1,五词牌-无主题,type_b,怀古咏史,残碑,12,0.011152,12,0.179104,0.018950,9.451206,1,67,1076
b1,五词牌-无主题,type_b,怀古咏史,雁阵,12,0.011152,12,0.179104,0.036443,4.914627,2,67,1076
b1,五词牌-无主题,type_b,怀古咏史,芦花,11,0.010223,11,0.164179,0.086006,1.908930,3,67,1076
b1,五词牌-无主题,type_b,怀古咏史,西风,11,0.010223,11,0.164179,0.119534,1.373498,4,67,1076
b1,五词牌-无主题,type_b,怀古咏史,铁瓮城,10,0.009294,10,0.149254,0.014577,10.238806,5,67,1076
b1,五词牌-无主题,type_b,怀古咏史,落木,10,0.009294,10,0.149254,0.020408,7.313433,6,67,1076
b1,五词牌-无主题,type_b,怀古咏史,明月,10,0.009294,10,0.149254,0.157434,0.948038,7,67,1076
b1,五词牌-无主题,type_b,怀古咏史,远岫,9,0.008364,9,0.134328,0.049563,2.710272,8,67,1076
b1,五词牌-无主题,type_b,怀古咏史,沙鸥,8,0.007435,8,0.119403,0.042274,2.824498,9,67,1076
b1,五词牌-无主题,type_b,怀古咏史,落日,8,0.007435,8,0.119403,0.034985,3.412935,10,67,1076
b1,五词牌-无主题,type_b,怀古咏史,逝水,7,0.006506,7,0.104478,0.030612,3.412935,11,67,1076
b1,五词牌-无主题,type_b,怀古咏史,渔歌,7,0.006506,7,0.104478,0.027697,3.772192,12,67,1076
b1,五词牌-无主题,type_b,怀古咏史,孤舟,7,0.006506,7,0.104478,0.126822,0.823812,13,67,1076
b1,五词牌-无主题,type_b,怀古咏史,青苔,7,0.006506,7,0.104478,0.016035,6.515604,14,67,1076
b1,五词牌-无主题,type_b,怀古咏史,铁马,7,0.006506,7,0.104478,0.010204,10.238806,15,67,1076
b1,五词牌-无主题,type_b,怀古咏史,雁字,7,0.006506,7,0.104478,0.103499,1.009460,16,67,1076
b1,五词牌-无主题,type_b,怀古咏史,长空,7,0.006506,7,0.104478,0.045190,2.311988,17,67,1076
b1,五词牌-无主题,type_b,怀古咏史,丹枫,6,0.005576,6,0.089552,0.027697,3.233307,18,67,1076
b1,五词牌-无主题,type_b,怀古咏史,雁影,6,0.005576,6,0.089552,0.039359,2.275290,19,67,1076
b1,五词牌-无主题,type_b,怀古咏史,故垒,6,0.005576,6,0.089552,0.008746,10.238806,20,67,1076
b1,五词牌-无主题,type_b,悼亡相思,明月,11,0.019264,11,0.211538,0.157434,1.343661,1,52,571
b1,五词牌-无主题,type_b,悼亡相思,阑干,7,0.012259,7,0.134615,0.064140,2.098776,2,52,571
b1,五词牌-无主题,type_b,悼亡相思,孤灯,7,0.012259,7,0.134615,0.049563,2.716063,3,52,571
b1,五词牌-无主题,type_b,悼亡相思,西风,7,0.012259,7,0.134615,0.119534,1.126173,4,52,571
b1,五词牌-无主题,type_b,悼亡相思,霜风,6,0.010508,6,0.115385,0.034985,3.298077,5,52,571
b1,五词牌-无主题,type_b,悼亡相思,晚烟,6,0.010508,6,0.115385,0.021866,5.276923,6,52,571
b1,五词牌-无主题,type_b,悼亡相思,归舟,5,0.008757,5,0.096154,0.042274,2.274536,7,52,571
b1,五词牌-无主题,type_b,悼亡相思,雁字,5,0.008757,5,0.096154,0.103499,0.929036,8,52,571
b1,五词牌-无主题,type_b,悼亡相思,空庭,5,0.008757,5,0.096154,0.014577,6.596154,9,52,571
b1,五词牌-无主题,type_b,悼亡相思,烟波,5,0.008757,5,0.096154,0.049563,1.940045,10,52,571
b1,五词牌-无主题,type_b,悼亡相思,残红,4,0.007005,4,0.076923,0.010204,7.538462,11,52,571
b1,五词牌-无主题,type_b,悼亡相思,空阶,4,0.007005,4,0.076923,0.010204,7.538462,12,52,571
b1,五词牌-无主题,type_b,悼亡相思,夕阳,4,0.007005,4,0.076923,0.027697,2.777328,13,52,571
b1,五词牌-无主题,type_b,悼亡相思,寒蛩,4,0.007005,4,0.076923,0.026239,2.931624,14,52,571
b1,五词牌-无主题,type_b,悼亡相思,凉露,3,0.005254,3,0.057692,0.018950,3.044379,15,52,571
b1,五词牌-无主题,type_b,悼亡相思,柳丝,3,0.005254,3,0.057692,0.014577,3.957692,16,52,571
b1,五词牌-无主题,type_b,悼亡相思,灯火,3,0.005254,3,0.057692,0.018950,3.044379,17,52,571
b1,五词牌-无主题,type_b,悼亡相思,锦字,3,0.005254,3,0.057692,0.008746,6.596154,18,52,571
b1,五词牌-无主题,type_b,悼亡相思,砌蛩,3,0.005254,3,0.057692,0.005831,9.894231,19,52,571
b1,五词牌-无主题,type_b,悼亡相思,落叶,3,0.005254,3,0.057692,0.037901,1.522189,20,52,571
b1,五词牌-无主题,type_b,春怨秋悲,西风,9,0.018789,9,0.191489,0.119534,1.601972,1,47,479
b1,五词牌-无主题,type_b,春怨秋悲,暮云,9,0.018789,9,0.191489,0.106414,1.799475,2,47,479
b1,五词牌-无主题,type_b,春怨秋悲,明月,7,0.014614,7,0.148936,0.157434,0.946020,3,47,479
b1,五词牌-无主题,type_b,春怨秋悲,落叶,7,0.014614,7,0.148936,0.037901,3.929624,4,47,479
b1,五词牌-无主题,type_b,春怨秋悲,小楼,7,0.014614,7,0.148936,0.013120,11.352246,5,47,479
b1,五词牌-无主题,type_b,春怨秋悲,孤灯,6,0.012526,6,0.127660,0.049563,2.575720,6,47,479
b1,五词牌-无主题,type_b,春怨秋悲,阑干,6,0.012526,6,0.127660,0.064140,1.990329,7,47,479
b1,五词牌-无主题,type_b,春怨秋悲,雁字,5,0.010438,5,0.106383,0.103499,1.027869,8,47,479
b1,五词牌-无主题,type_b,春怨秋悲,长空,5,0.010438,5,0.106383,0.045190,2.354152,9,47,479
b1,五词牌-无主题,type_b,春怨秋悲,斜阳,5,0.010438,5,0.106383,0.088921,1.196373,10,47,479
b1,五词牌-无主题,type_b,春怨秋悲,青山,4,0.008351,4,0.085106,0.053936,1.577918,11,47,479
b1,五词牌-无主题,type_b,春怨秋悲,清风,4,0.008351,4,0.085106,0.039359,2.162333,12,47,479
b1,五词牌-无主题,type_b,春怨秋悲,孤舟,4,0.008351,4,0.085106,0.126822,0.671069,13,47,479
b1,五词牌-无主题,type_b,春怨秋悲,残灯,4,0.008351,4,0.085106,0.016035,5.307544,14,47,479
b1,五词牌-无主题,type_b,春怨秋悲,星斗,4,0.008351,4,0.085106,0.059767,1.423975,15,47,479
b1,五词牌-无主题,type_b,春怨秋悲,寒鸦,3,0.006263,3,0.063830,0.017493,3.648936,16,47,479
b1,五词牌-无主题,type_b,春怨秋悲,归鸿,3,0.006263,3,0.063830,0.034985,1.824468,17,47,479
b1,五词牌-无主题,type_b,春怨秋悲,远岫,3,0.006263,3,0.063830,0.049563,1.287860,18,47,479
b1,五词牌-无主题,type_b,春怨秋悲,寒蛩,3,0.006263,3,0.063830,0.026239,2.432624,19,47,479
b1,五词牌-无主题,type_b,春怨秋悲,逝水,3,0.006263,3,0.063830,0.030612,2.085106,20,47,479
b1,五词牌-无主题,type_b,离别羁旅,孤舟,57,0.016740,57,0.194539,0.126822,1.533953,1,293,3405
b1,五词牌-无主题,type_b,离别羁旅,暮云,51,0.014978,51,0.174061,0.106414,1.635701,2,293,3405
b1,五词牌-无主题,type_b,离别羁旅,西风,49,0.014391,49,0.167235,0.119534,1.399068,3,293,3405
b1,五词牌-无主题,type_b,离别羁旅,明月,48,0.014097,48,0.163823,0.157434,1.040576,4,293,3405
b1,五词牌-无主题,type_b,离别羁旅,雁字,46,0.013510,46,0.156997,0.103499,1.516897,5,293,3405
b1,五词牌-无主题,type_b,离别羁旅,荻花,40,0.011747,40,0.136519,0.075802,1.800998,6,293,3405
b1,五词牌-无主题,type_b,离别羁旅,烟水,35,0.010279,35,0.119454,0.059767,1.998668,7,293,3405
b1,五词牌-无主题,type_b,离别羁旅,芦花,34,0.009985,34,0.116041,0.086006,1.349222,8,293,3405
b1,五词牌-无主题,type_b,离别羁旅,孤篷,28,0.008223,28,0.095563,0.051020,1.873038,9,293,3405
b1,五词牌-无主题,type_b,离别羁旅,长亭,25,0.007342,25,0.085324,0.045190,1.888143,10,293,3405
b1,五词牌-无主题,type_b,离别羁旅,斜阳,24,0.007048,24,0.081911,0.088921,0.921166,11,293,3405
b1,五词牌-无主题,type_b,离别羁旅,星斗,23,0.006755,23,0.078498,0.059767,1.313410,12,293,3405
b1,五词牌-无主题,type_b,离别羁旅,阑干,22,0.006461,22,0.075085,0.064140,1.170648,13,293,3405
b1,五词牌-无主题,type_b,离别羁旅,孤棹,22,0.006461,22,0.075085,0.037901,1.981097,14,293,3405
b1,五词牌-无主题,type_b,离别羁旅,渔灯,22,0.006461,22,0.075085,0.049563,1.514957,15,293,3405
b1,五词牌-无主题,type_b,离别羁旅,孤帆,22,0.006461,22,0.075085,0.043732,1.716951,16,293,3405
b1,五词牌-无主题,type_b,离别羁旅,烟波,22,0.006461,22,0.075085,0.049563,1.514957,17,293,3405
b1,五词牌-无主题,type_b,离别羁旅,暮色,20,0.005874,20,0.068259,0.052478,1.300721,18,293,3405
b1,五词牌-无主题,type_b,离别羁旅,归雁,19,0.005580,19,0.064846,0.048105,1.348019,19,293,3405
b1,五词牌-无主题,type_b,离别羁旅,秋江,19,0.005580,19,0.064846,0.032070,2.022029,20,293,3405
b1,五词牌-无主题,type_b,谈禅说理,数据,7,0.033816,7,0.291667,0.036443,8.003333,1,24,207
b1,五词牌-无主题,type_b,谈禅说理,算法,5,0.024155,5,0.208333,0.021866,9.527778,2,24,207
b1,五词牌-无主题,type_b,谈禅说理,星河,4,0.019324,4,0.166667,0.048105,3.464646,3,24,207
b1,五词牌-无主题,type_b,谈禅说理,清风,3,0.014493,3,0.125000,0.039359,3.175926,4,24,207
b1,五词牌-无主题,type_b,谈禅说理,星斗,3,0.014493,3,0.125000,0.059767,2.091463,5,24,207
b1,五词牌-无主题,type_b,谈禅说理,网络,3,0.014493,3,0.125000,0.017493,7.145833,6,24,207
b1,五词牌-无主题,type_b,谈禅说理,银汉,3,0.014493,3,0.125000,0.013120,9.527778,7,24,207
b1,五词牌-无主题,type_b,谈禅说理,键盘,2,0.009662,2,0.083333,0.013120,6.351852,8,24,207
b1,五词牌-无主题,type_b,谈禅说理,明月,2,0.009662,2,0.083333,0.157434,0.529321,9,24,207
b1,五词牌-无主题,type_b,谈禅说理,星海,2,0.009662,2,0.083333,0.011662,7.145833,10,24,207
b1,五词牌-无主题,type_b,谈禅说理,星汉,2,0.009662,2,0.083333,0.017493,4.763889,11,24,207
b1,五词牌-无主题,type_b,谈禅说理,夜色,2,0.009662,2,0.083333,0.024781,3.362745,12,24,207
b1,五词牌-无主题,type_b,谈禅说理,月华,2,0.009662,2,0.083333,0.018950,4.397436,13,24,207
b1,五词牌-无主题,type_b,谈禅说理,云雾,2,0.009662,2,0.083333,0.008746,9.527778,14,24,207
b1,五词牌-无主题,type_b,谈禅说理,荧屏,2,0.009662,2,0.083333,0.014577,5.716667,15,24,207
b1,五词牌-无主题,type_b,谈禅说理,黑洞,2,0.009662,2,0.083333,0.005831,14.291667,16,24,207
b1,五词牌-无主题,type_b,谈禅说理,往事,2,0.009662,2,0.083333,0.002915,28.583333,17,24,207
b1,五词牌-无主题,type_b,谈禅说理,时空,2,0.009662,2,0.083333,0.007289,11.433333,18,24,207
b1,五词牌-无主题,type_b,谈禅说理,量子,2,0.009662,2,0.083333,0.005831,14.291667,19,24,207
b1,五词牌-无主题,type_b,谈禅说理,河汉,2,0.009662,2,0.083333,0.002915,28.583333,20,24,207
b1,五词牌-无主题,type_b,豪情壮志,明月,9,0.015000,9,0.183673,0.157434,1.166667,1,49,600
b1,五词牌-无主题,type_b,豪情壮志,长风,8,0.013333,8,0.163265,0.027697,5.894737,2,49,600
b1,五词牌-无主题,type_b,豪情壮志,危楼,7,0.011667,7,0.142857,0.042274,3.379310,3,49,600
b1,五词牌-无主题,type_b,豪情壮志,斜阳,7,0.011667,7,0.142857,0.088921,1.606557,4,49,600
b1,五词牌-无主题,type_b,豪情壮志,孤舟,7,0.011667,7,0.142857,0.126822,1.126437,5,49,600
b1,五词牌-无主题,type_b,豪情壮志,银河,7,0.011667,7,0.142857,0.016035,8.909091,6,49,600
b1,五词牌-无主题,type_b,豪情壮志,数据,7,0.011667,7,0.142857,0.036443,3.920000,7,49,600
b1,五词牌-无主题,type_b,豪情壮志,星汉,6,0.010000,6,0.122449,0.017493,7.000000,8,49,600
b1,五词牌-无主题,type_b,豪情壮志,星河,6,0.010000,6,0.122449,0.048105,2.545455,9,49,600
b1,五词牌-无主题,type_b,豪情壮志,雁阵,5,0.008333,5,0.102041,0.036443,2.800000,10,49,600
b1,五词牌-无主题,type_b,豪情壮志,霜天,5,0.008333,5,0.102041,0.026239,3.888889,11,49,600
b1,五词牌-无主题,type_b,豪情壮志,玉宇,5,0.008333,5,0.102041,0.013120,7.777778,12,49,600
b1,五词牌-无主题,type_b,豪情壮志,长河,5,0.008333,5,0.102041,0.018950,5.384615,13,49,600
b1,五词牌-无主题,type_b,豪情壮志,清风,5,0.008333,5,0.102041,0.039359,2.592593,14,49,600
b1,五词牌-无主题,type_b,豪情壮志,代码,5,0.008333,5,0.102041,0.032070,3.181818,15,49,600
b1,五词牌-无主题,type_b,豪情壮志,千峰,4,0.006667,4,0.081633,0.014577,5.600000,16,49,600
b1,五词牌-无主题,type_b,豪情壮志,吴钩,4,0.006667,4,0.081633,0.008746,9.333333,17,49,600
b1,五词牌-无主题,type_b,豪情壮志,长空,4,0.006667,4,0.081633,0.045190,1.806452,18,49,600
b1,五词牌-无主题,type_b,豪情壮志,暮色,4,0.006667,4,0.081633,0.052478,1.555556,19,49,600
b1,五词牌-无主题,type_b,豪情壮志,网络,4,0.006667,4,0.081633,0.017493,4.666667,20,49,600
b1,五词牌-无主题,type_b,闲适隐逸,明月,19,0.015044,19,0.175926,0.157434,1.117455,1,108,1263
b1,五词牌-无主题,type_b,闲适隐逸,松风,12,0.009501,12,0.111111,0.024781,4.483660,2,108,1263
b1,五词牌-无主题,type_b,闲适隐逸,斜阳,12,0.009501,12,0.111111,0.088921,1.249545,3,108,1263
b1,五词牌-无主题,type_b,闲适隐逸,流水,12,0.009501,12,0.111111,0.045190,2.458781,4,108,1263
b1,五词牌-无主题,type_b,闲适隐逸,青山,12,0.009501,12,0.111111,0.053936,2.060060,5,108,1263
b1,五词牌-无主题,type_b,闲适隐逸,闲云,10,0.007918,10,0.092593,0.023324,3.969907,6,108,1263
b1,五词牌-无主题,type_b,闲适隐逸,星河,10,0.007918,10,0.092593,0.048105,1.924804,7,108,1263
b1,五词牌-无主题,type_b,闲适隐逸,清风,9,0.007126,9,0.083333,0.039359,2.117284,8,108,1263
b1,五词牌-无主题,type_b,闲适隐逸,鸥鹭,8,0.006334,8,0.074074,0.026239,2.823045,9,108,1263
b1,五词牌-无主题,type_b,闲适隐逸,清露,7,0.005542,7,0.064815,0.029155,2.223148,10,108,1263
b1,五词牌-无主题,type_b,闲适隐逸,烟霞,7,0.005542,7,0.064815,0.017493,3.705247,11,108,1263
b1,五词牌-无主题,type_b,闲适隐逸,芦花,7,0.005542,7,0.064815,0.086006,0.753610,12,108,1263
b1,五词牌-无主题,type_b,闲适隐逸,柴门,6,0.004751,6,0.055556,0.010204,5.444444,13,108,1263
b1,五词牌-无主题,type_b,闲适隐逸,浮云,6,0.004751,6,0.055556,0.030612,1.814815,14,108,1263
b1,五词牌-无主题,type_b,闲适隐逸,孤舟,6,0.004751,6,0.055556,0.126822,0.438059,15,108,1263
b1,五词牌-无主题,type_b,闲适隐逸,清秋,6,0.004751,6,0.055556,0.029155,1.905556,16,108,1263
b1,五词牌-无主题,type_b,闲适隐逸,长空,6,0.004751,6,0.055556,0.045190,1.229391,17,108,1263
b1,五词牌-无主题,type_b,闲适隐逸,斜照,5,0.003959,5,0.046296,0.018950,2.443020,18,108,1263
b1,五词牌-无主题,type_b,闲适隐逸,落叶,5,0.003959,5,0.046296,0.037901,1.221510,19,108,1263
b1,五词牌-无主题,type_b,闲适隐逸,松涛,5,0.003959,5,0.046296,0.013120,3.528807,20,108,1263
b2,五词牌-改革主题,type_d,咏物寄托,樊笼,28,0.015530,28,0.112450,0.113057,0.994626,1,249,1803
b2,五词牌-改革主题,type_d,咏物寄托,灵根,22,0.012202,22,0.088353,0.081210,1.087960,2,249,1803
b2,五词牌-改革主题,type_d,咏物寄托,剑气,21,0.011647,21,0.084337,0.076433,1.103414,3,249,1803
b2,五词牌-改革主题,type_d,咏物寄托,铁律,17,0.009429,17,0.068273,0.076433,0.893240,4,249,1803
b2,五词牌-改革主题,type_d,咏物寄托,劫火,16,0.008874,16,0.064257,0.085987,0.747285,5,249,1803
b2,五词牌-改革主题,type_d,咏物寄托,星斗,15,0.008319,15,0.060241,0.054140,1.112686,6,249,1803
b2,五词牌-改革主题,type_d,咏物寄托,风雨,15,0.008319,15,0.060241,0.035032,1.719606,7,249,1803
b2,五词牌-改革主题,type_d,咏物寄托,清规,14,0.007765,14,0.056225,0.046178,1.217560,8,249,1803
b2,五词牌-改革主题,type_d,咏物寄托,宗门,14,0.007765,14,0.056225,0.041401,1.358048,9,249,1803
b2,五词牌-改革主题,type_d,咏物寄托,剑光,13,0.007210,13,0.052209,0.033439,1.561293,10,249,1803
b2,五词牌-改革主题,type_d,咏物寄托,寒霜,12,0.006656,12,0.048193,0.042994,1.120928,11,249,1803
b2,五词牌-改革主题,type_d,咏物寄托,仙山,12,0.006656,12,0.048193,0.030255,1.592898,12,249,1803
b2,五词牌-改革主题,type_d,咏物寄托,剑阁,12,0.006656,12,0.048193,0.047771,1.008835,13,249,1803
b2,五词牌-改革主题,type_d,咏物寄托,春风,11,0.006101,11,0.044177,0.071656,0.616510,14,249,1803
b2,五词牌-改革主题,type_d,咏物寄托,寒星,10,0.005546,10,0.040161,0.031847,1.261044,15,249,1803
b2,五词牌-改革主题,type_d,咏物寄托,云雾,10,0.005546,10,0.040161,0.027070,1.483581,16,249,1803
b2,五词牌-改革主题,type_d,咏物寄托,剑阵,10,0.005546,10,0.040161,0.033439,1.200994,17,249,1803
b2,五词牌-改革主题,type_d,咏物寄托,明月,9,0.004992,9,0.036145,0.052548,0.687842,18,249,1803
b2,五词牌-改革主题,type_d,咏物寄托,青衿,9,0.004992,9,0.036145,0.068471,0.527879,19,249,1803
b2,五词牌-改革主题,type_d,咏物寄托,重关,9,0.004992,9,0.036145,0.046178,0.782717,20,249,1803
b2,五词牌-改革主题,type_d,谈禅说理,樊笼,30,0.015983,30,0.116279,0.113057,1.028497,1,258,1877
b2,五词牌-改革主题,type_d,谈禅说理,劫火,28,0.014917,28,0.108527,0.085987,1.262130,2,258,1877
b2,五词牌-改革主题,type_d,谈禅说理,青衿,20,0.010655,20,0.077519,0.068471,1.132144,3,258,1877
b2,五词牌-改革主题,type_d,谈禅说理,灵根,20,0.010655,20,0.077519,0.081210,0.954552,4,258,1877
b2,五词牌-改革主题,type_d,谈禅说理,春风,18,0.009590,18,0.069767,0.071656,0.973643,5,258,1877
b2,五词牌-改革主题,type_d,谈禅说理,云,17,0.009057,17,0.065891,0.052548,1.253935,6,258,1877
b2,五词牌-改革主题,type_d,谈禅说理,铁律,16,0.008524,16,0.062016,0.076433,0.811370,7,258,1877
b2,五词牌-改革主题,type_d,谈禅说理,剑影,15,0.007991,15,0.058140,0.052548,1.106413,8,258,1877
b2,五词牌-改革主题,type_d,谈禅说理,松风,14,0.007459,14,0.054264,0.038217,1.419897,9,258,1877
b2,五词牌-改革主题,type_d,谈禅说理,剑气,14,0.007459,14,0.054264,0.076433,0.709948,10,258,1877
b2,五词牌-改革主题,type_d,谈禅说理,丹台,13,0.006926,13,0.050388,0.028662,1.757967,11,258,1877
b2,五词牌-改革主题,type_d,谈禅说理,明月,13,0.006926,13,0.050388,0.052548,0.958891,12,258,1877
b2,五词牌-改革主题,type_d,谈禅说理,鹤,12,0.006393,12,0.046512,0.030255,1.537332,13,258,1877
b2,五词牌-改革主题,type_d,谈禅说理,雏鹰,12,0.006393,12,0.046512,0.035032,1.327696,14,258,1877
b2,五词牌-改革主题,type_d,谈禅说理,丹炉,11,0.005860,11,0.042636,0.036624,1.164139,15,258,1877
b2,五词牌-改革主题,type_d,谈禅说理,长风,11,0.005860,11,0.042636,0.052548,0.811370,16,258,1877
b2,五词牌-改革主题,type_d,谈禅说理,晨钟,10,0.005328,10,0.038760,0.039809,0.973643,17,258,1877
b2,五词牌-改革主题,type_d,谈禅说理,灵苗,10,0.005328,10,0.038760,0.031847,1.217054,18,258,1877
b2,五词牌-改革主题,type_d,谈禅说理,霜,9,0.004795,9,0.034884,0.036624,0.952477,19,258,1877
b2,五词牌-改革主题,type_d,谈禅说理,松阶,9,0.004795,9,0.034884,0.023885,1.460465,20,258,1877
b2,五词牌-改革主题,type_d,豪情壮志,春风,16,0.015052,16,0.132231,0.071656,1.845363,1,121,1063
b2,五词牌-改革主题,type_d,豪情壮志,铁律,15,0.014111,15,0.123967,0.076433,1.621901,2,121,1063
b2,五词牌-改革主题,type_d,豪情壮志,青衿,14,0.013170,14,0.115702,0.068471,1.689794,3,121,1063
b2,五词牌-改革主题,type_d,豪情壮志,长风,14,0.013170,14,0.115702,0.052548,2.201853,4,121,1063
b2,五词牌-改革主题,type_d,豪情壮志,樊笼,13,0.012230,13,0.107438,0.113057,0.950297,5,121,1063
b2,五词牌-改革主题,type_d,豪情壮志,剑影,13,0.012230,13,0.107438,0.052548,2.044578,6,121,1063
b2,五词牌-改革主题,type_d,豪情壮志,剑气,13,0.012230,13,0.107438,0.076433,1.405647,7,121,1063
b2,五词牌-改革主题,type_d,豪情壮志,重关,13,0.012230,13,0.107438,0.046178,2.326589,8,121,1063
b2,五词牌-改革主题,type_d,豪情壮志,明月,11,0.010348,11,0.090909,0.052548,1.730028,9,121,1063
b2,五词牌-改革主题,type_d,豪情壮志,劫火,10,0.009407,10,0.082645,0.085987,0.961126,10,121,1063
b2,五词牌-改革主题,type_d,豪情壮志,星斗,10,0.009407,10,0.082645,0.054140,1.526495,11,121,1063
b2,五词牌-改革主题,type_d,豪情壮志,云,9,0.008467,9,0.074380,0.052548,1.415477,12,121,1063
b2,五词牌-改革主题,type_d,豪情壮志,灵根,9,0.008467,9,0.074380,0.081210,0.915897,13,121,1063
b2,五词牌-改革主题,type_d,豪情壮志,暮鼓,9,0.008467,9,0.074380,0.039809,1.868430,14,121,1063
b2,五词牌-改革主题,type_d,豪情壮志,霜刃,9,0.008467,9,0.074380,0.033439,2.224321,15,121,1063
b2,五词牌-改革主题,type_d,豪情壮志,青锋,9,0.008467,9,0.074380,0.028662,2.595041,16,121,1063
b2,五词牌-改革主题,type_d,豪情壮志,剑阁,9,0.008467,9,0.074380,0.047771,1.557025,17,121,1063
b2,五词牌-改革主题,type_d,豪情壮志,晨钟,7,0.006585,7,0.057851,0.039809,1.453223,18,121,1063
b2,五词牌-改革主题,type_d,豪情壮志,清规,7,0.006585,7,0.057851,0.046178,1.252779,19,121,1063
b2,五词牌-改革主题,type_d,豪情壮志,霜,7,0.006585,7,0.057851,0.036624,1.579590,20,121,1063
b3,五词牌-玉兰主题,type_d,咏物寄托,玉兰,204,0.047619,204,0.375000,0.363790,1.030814,1,544,4284
b3,五词牌-玉兰主题,type_d,咏物寄托,寒窗,87,0.020308,87,0.159926,0.165821,0.964455,2,544,4284
b3,五词牌-玉兰主题,type_d,咏物寄托,素萼,72,0.016807,72,0.132353,0.128596,1.029218,3,544,4284
b3,五词牌-玉兰主题,type_d,咏物寄托,暗香,47,0.010971,47,0.086397,0.086294,1.001189,4,544,4284
b3,五词牌-玉兰主题,type_d,咏物寄托,书山,46,0.010738,46,0.084559,0.081218,1.041131,5,544,4284
b3,五词牌-玉兰主题,type_d,咏物寄托,春风,45,0.010504,45,0.082721,0.084602,0.977757,6,544,4284
b3,五词牌-玉兰主题,type_d,咏物寄托,春寒,44,0.010271,44,0.080882,0.077834,1.039162,7,544,4284
b3,五词牌-玉兰主题,type_d,咏物寄托,长街,43,0.010037,43,0.079044,0.079526,0.993938,8,544,4284
b3,五词牌-玉兰主题,type_d,咏物寄托,玉树,42,0.009804,42,0.077206,0.086294,0.894680,9,544,4284
b3,五词牌-玉兰主题,type_d,咏物寄托,孤灯,42,0.009804,42,0.077206,0.076142,1.013971,10,544,4284
b3,五词牌-玉兰主题,type_d,咏物寄托,冰绡,42,0.009804,42,0.077206,0.077834,0.991928,11,544,4284
b3,五词牌-玉兰主题,type_d,咏物寄托,白雪,41,0.009570,41,0.075368,0.071066,1.060530,12,544,4284
b3,五词牌-玉兰主题,type_d,咏物寄托,东风,39,0.009104,39,0.071691,0.074450,0.962943,13,544,4284
b3,五词牌-玉兰主题,type_d,咏物寄托,青衫,37,0.008637,37,0.068015,0.069374,0.980407,14,544,4284
b3,五词牌-玉兰主题,type_d,咏物寄托,琼英,35,0.008170,35,0.064338,0.065990,0.974972,15,544,4284
b3,五词牌-玉兰主题,type_d,咏物寄托,琼枝,34,0.007937,34,0.062500,0.067682,0.923438,16,544,4284
b3,五词牌-玉兰主题,type_d,咏物寄托,清香,34,0.007937,34,0.062500,0.060914,1.026042,17,544,4284
b3,五词牌-玉兰主题,type_d,咏物寄托,风霜,32,0.007470,32,0.058824,0.055838,1.053476,18,544,4284
b3,五词牌-玉兰主题,type_d,咏物寄托,灯窗,31,0.007236,31,0.056985,0.055838,1.020555,19,544,4284
b3,五词牌-玉兰主题,type_d,咏物寄托,风雨,30,0.007003,30,0.055147,0.057530,0.958586,20,544,4284
b3,五词牌-玉兰主题,type_d,春怨秋悲,寒窗,2,0.071429,2,0.500000,0.165821,3.015306,1,4,28
b3,五词牌-玉兰主题,type_d,春怨秋悲,风雨,1,0.035714,1,0.250000,0.057530,4.345588,2,4,28
b3,五词牌-玉兰主题,type_d,春怨秋悲,芳树,1,0.035714,1,0.250000,0.006768,36.937500,3,4,28
b3,五词牌-玉兰主题,type_d,春怨秋悲,清香,1,0.035714,1,0.250000,0.060914,4.104167,4,4,28
b3,五词牌-玉兰主题,type_d,春怨秋悲,明月,1,0.035714,1,0.250000,0.043993,5.682692,5,4,28
b3,五词牌-玉兰主题,type_d,春怨秋悲,重门,1,0.035714,1,0.250000,0.032149,7.776316,6,4,28
b3,五词牌-玉兰主题,type_d,春怨秋悲,残卷,1,0.035714,1,0.250000,0.018613,13.431818,7,4,28
b3,五词牌-玉兰主题,type_d,春怨秋悲,长铗,1,0.035714,1,0.250000,0.011844,21.107143,8,4,28
b3,五词牌-玉兰主题,type_d,春怨秋悲,尘垢,1,0.035714,1,0.250000,0.003384,73.875000,9,4,28
b3,五词牌-玉兰主题,type_d,春怨秋悲,长安,1,0.035714,1,0.250000,0.005076,49.250000,10,4,28
b3,五词牌-玉兰主题,type_d,春怨秋悲,星夜,1,0.035714,1,0.250000,0.001692,147.750000,11,4,28
b3,五词牌-玉兰主题,type_d,春怨秋悲,凝霜,1,0.035714,1,0.250000,0.013536,18.468750,12,4,28
b3,五词牌-玉兰主题,type_d,春怨秋悲,墨痕,1,0.035714,1,0.250000,0.028765,8.691176,13,4,28
b3,五词牌-玉兰主题,type_d,春怨秋悲,灯影,1,0.035714,1,0.250000,0.010152,24.625000,14,4,28
b3,五词牌-玉兰主题,type_d,春怨秋悲,青编,1,0.035714,1,0.250000,0.010152,24.625000,15,4,28
b3,五词牌-玉兰主题,type_d,春怨秋悲,星霜,1,0.035714,1,0.250000,0.052453,4.766129,16,4,28
b3,五词牌-玉兰主题,type_d,春怨秋悲,云涛,1,0.035714,1,0.250000,0.010152,24.625000,17,4,28
b3,五词牌-玉兰主题,type_d,春怨秋悲,风尘,1,0.035714,1,0.250000,0.016920,14.775000,18,4,28
b3,五词牌-玉兰主题,type_d,春怨秋悲,秋声,1,0.035714,1,0.250000,0.001692,147.750000,19,4,28
b3,五词牌-玉兰主题,type_d,春怨秋悲,残编,1,0.035714,1,0.250000,0.030457,8.208333,20,4,28
b3,五词牌-玉兰主题,type_d,谈禅说理,玉树,6,0.092308,6,0.545455,0.086294,6.320856,1,11,65
b3,五词牌-玉兰主题,type_d,谈禅说理,玉兰,4,0.061538,4,0.363636,0.363790,0.999577,2,11,65
b3,五词牌-玉兰主题,type_d,谈禅说理,风雨,2,0.030769,2,0.181818,0.057530,3.160428,3,11,65
b3,五词牌-玉兰主题,type_d,谈禅说理,琼花,2,0.030769,2,0.181818,0.018613,9.768595,4,11,65
b3,五词牌-玉兰主题,type_d,谈禅说理,书卷,2,0.030769,2,0.181818,0.050761,3.581818,5,11,65
b3,五词牌-玉兰主题,type_d,谈禅说理,浮萍,1,0.015385,1,0.090909,0.003384,26.863636,6,11,65
b3,五词牌-玉兰主题,type_d,谈禅说理,迷雾,1,0.015385,1,0.090909,0.005076,17.909091,7,11,65
b3,五词牌-玉兰主题,type_d,谈禅说理,春风,1,0.015385,1,0.090909,0.084602,1.074545,8,11,65
b3,五词牌-玉兰主题,type_d,谈禅说理,孤灯,1,0.015385,1,0.090909,0.076142,1.193939,9,11,65
b3,五词牌-玉兰主题,type_d,谈禅说理,香雪,1,0.015385,1,0.090909,0.011844,7.675325,10,11,65
b3,五词牌-玉兰主题,type_d,谈禅说理,朝暾,1,0.015385,1,0.090909,0.003384,26.863636,11,11,65
b3,五词牌-玉兰主题,type_d,谈禅说理,东风,1,0.015385,1,0.090909,0.074450,1.221074,12,11,65
b3,五词牌-玉兰主题,type_d,谈禅说理,花气,1,0.015385,1,0.090909,0.005076,17.909091,13,11,65
b3,五词牌-玉兰主题,type_d,谈禅说理,清辉,1,0.015385,1,0.090909,0.021997,4.132867,14,11,65
b3,五词牌-玉兰主题,type_d,谈禅说理,红日,1,0.015385,1,0.090909,0.001692,53.727273,15,11,65
b3,五词牌-玉兰主题,type_d,谈禅说理,清风,1,0.015385,1,0.090909,0.040609,2.238636,16,11,65
b3,五词牌-玉兰主题,type_d,谈禅说理,残花,1,0.015385,1,0.090909,0.001692,53.727273,17,11,65
b3,五词牌-玉兰主题,type_d,谈禅说理,败柳,1,0.015385,1,0.090909,0.001692,53.727273,18,11,65
b3,五词牌-玉兰主题,type_d,谈禅说理,云雾,1,0.015385,1,0.090909,0.006768,13.431818,19,11,65
b3,五词牌-玉兰主题,type_d,谈禅说理,斜阳,1,0.015385,1,0.090909,0.042301,2.149091,20,11,65
b3,五词牌-玉兰主题,type_d,豪情壮志,寒窗,8,0.026667,8,0.258065,0.165821,1.556287,1,31,300
b3,五词牌-玉兰主题,type_d,豪情壮志,玉兰,7,0.023333,7,0.225806,0.363790,0.620705,2,31,300
b3,五词牌-玉兰主题,type_d,豪情壮志,素影,7,0.023333,7,0.225806,0.064298,3.511885,3,31,300
b3,五词牌-玉兰主题,type_d,豪情壮志,琼枝,5,0.016667,5,0.161290,0.067682,2.383065,4,31,300
b3,五词牌-玉兰主题,type_d,豪情壮志,春风,4,0.013333,4,0.129032,0.084602,1.525161,5,31,300
b3,五词牌-玉兰主题,type_d,豪情壮志,青衫,4,0.013333,4,0.129032,0.069374,1.859953,6,31,300
b3,五词牌-玉兰主题,type_d,豪情壮志,琼萼,4,0.013333,4,0.129032,0.013536,9.532258,7,31,300
b3,五词牌-玉兰主题,type_d,豪情壮志,素萼,4,0.013333,4,0.129032,0.128596,1.003396,8,31,300
b3,五词牌-玉兰主题,type_d,豪情壮志,云程,4,0.013333,4,0.129032,0.021997,5.866005,9,31,300
b3,五词牌-玉兰主题,type_d,豪情壮志,东风,4,0.013333,4,0.129032,0.074450,1.733138,10,31,300
b3,五词牌-玉兰主题,type_d,豪情壮志,冰绡,4,0.013333,4,0.129032,0.077834,1.657784,11,31,300
b3,五词牌-玉兰主题,type_d,豪情壮志,长风,4,0.013333,4,0.129032,0.033841,3.812903,12,31,300
b3,五词牌-玉兰主题,type_d,豪情壮志,寒雨,4,0.013333,4,0.129032,0.020305,6.354839,13,31,300
b3,五词牌-玉兰主题,type_d,豪情壮志,霜锋,3,0.010000,3,0.096774,0.016920,5.719355,14,31,300
b3,五词牌-玉兰主题,type_d,豪情壮志,残编,3,0.010000,3,0.096774,0.030457,3.177419,15,31,300
b3,五词牌-玉兰主题,type_d,豪情壮志,暗香,3,0.010000,3,0.096774,0.086294,1.121442,16,31,300
b3,五词牌-玉兰主题,type_d,豪情壮志,冷雨,3,0.010000,3,0.096774,0.035533,2.723502,17,31,300
b3,五词牌-玉兰主题,type_d,豪情壮志,青灯,3,0.010000,3,0.096774,0.038917,2.486676,18,31,300
b3,五词牌-玉兰主题,type_d,豪情壮志,阑干,3,0.010000,3,0.096774,0.035533,2.723502,19,31,300
b3,五词牌-玉兰主题,type_d,豪情壮志,玉树,3,0.010000,3,0.096774,0.086294,1.121442,20,31,300
b3,五词牌-玉兰主题,type_d,闲适隐逸,书卷,1,0.250000,1,1.000000,0.050761,19.700000,1,1,4
b3,五词牌-玉兰主题,type_d,闲适隐逸,风雨,1,0.250000,1,1.000000,0.057530,17.382353,2,1,4
b3,五词牌-玉兰主题,type_d,闲适隐逸,小园,1,0.250000,1,1.000000,0.032149,31.105263,3,1,4
b3,五词牌-玉兰主题,type_d,闲适隐逸,玉蕊,1,0.250000,1,1.000000,0.047377,21.107143,4,1,4
c1,沁园春-玉兰主题,type_a,咏物寄托,玉兰,134,0.027853,134,0.277433,0.266788,1.039901,1,483,4811
c1,沁园春-玉兰主题,type_a,咏物寄托,琼枝,115,0.023904,115,0.238095,0.232305,1.024926,2,483,4811
c1,沁园春-玉兰主题,type_a,咏物寄托,寒窗,79,0.016421,79,0.163561,0.166969,0.979589,3,483,4811
c1,沁园春-玉兰主题,type_a,咏物寄托,琼英,75,0.015589,75,0.155280,0.156080,0.994872,4,483,4811
c1,沁园春-玉兰主题,type_a,咏物寄托,玉树,75,0.015589,75,0.155280,0.145191,1.069488,5,483,4811
c1,沁园春-玉兰主题,type_a,咏物寄托,清芬,59,0.012264,59,0.122153,0.127042,0.961520,6,483,4811
c1,沁园春-玉兰主题,type_a,咏物寄托,素萼,50,0.010393,50,0.103520,0.098004,1.056284,7,483,4811
c1,沁园春-玉兰主题,type_a,咏物寄托,风埃,48,0.009977,48,0.099379,0.107078,0.928098,8,483,4811
c1,沁园春-玉兰主题,type_a,咏物寄托,春风,48,0.009977,48,0.099379,0.092559,1.073682,9,483,4811
c1,沁园春-玉兰主题,type_a,咏物寄托,长风,41,0.008522,41,0.084886,0.088929,0.954536,10,483,4811
c1,沁园春-玉兰主题,type_a,咏物寄托,春寒,41,0.008522,41,0.084886,0.079855,1.063006,11,483,4811
c1,沁园春-玉兰主题,type_a,咏物寄托,孤灯,41,0.008522,41,0.084886,0.088929,0.954536,12,483,4811
c1,沁园春-玉兰主题,type_a,咏物寄托,雪,40,0.008314,40,0.082816,0.076225,1.086464,13,483,4811
c1,沁园春-玉兰主题,type_a,咏物寄托,清香,39,0.008106,39,0.080745,0.070780,1.140787,14,483,4811
c1,沁园春-玉兰主题,type_a,咏物寄托,风霜,37,0.007691,37,0.076605,0.068966,1.110766,15,483,4811
c1,沁园春-玉兰主题,type_a,咏物寄托,书山,36,0.007483,36,0.074534,0.072595,1.026708,16,483,4811
c1,沁园春-玉兰主题,type_a,咏物寄托,白雪,34,0.007067,34,0.070393,0.074410,0.946018,17,483,4811
c1,沁园春-玉兰主题,type_a,咏物寄托,明月,33,0.006859,33,0.068323,0.063521,1.075599,18,483,4811
c1,沁园春-玉兰主题,type_a,咏物寄托,素影,33,0.006859,33,0.068323,0.067151,1.017458,19,483,4811
c1,沁园春-玉兰主题,type_a,咏物寄托,青衫,32,0.006651,32,0.066253,0.067151,0.986626,20,483,4811
c1,沁园春-玉兰主题,type_a,春怨秋悲,落叶,1,0.038462,1,0.500000,0.010889,45.916667,1,2,26
c1,沁园春-玉兰主题,type_a,春怨秋悲,空阶,1,0.038462,1,0.500000,0.005445,91.833333,2,2,26
c1,沁园春-玉兰主题,type_a,春怨秋悲,冷雨,1,0.038462,1,0.500000,0.056261,8.887097,3,2,26
c1,沁园春-玉兰主题,type_a,春怨秋悲,芸编,1,0.038462,1,0.500000,0.009074,55.100000,4,2,26
c1,沁园春-玉兰主题,type_a,春怨秋悲,青衿,1,0.038462,1,0.500000,0.047187,10.596154,5,2,26
c1,沁园春-玉兰主题,type_a,春怨秋悲,玉阶,1,0.038462,1,0.500000,0.001815,275.500000,6,2,26
c1,沁园春-玉兰主题,type_a,春怨秋悲,残笺,1,0.038462,1,0.500000,0.014519,34.437500,7,2,26
c1,沁园春-玉兰主题,type_a,春怨秋悲,寒霜,1,0.038462,1,0.500000,0.058076,8.609375,8,2,26
c1,沁园春-玉兰主题,type_a,春怨秋悲,短剑,1,0.038462,1,0.500000,0.003630,137.750000,9,2,26
c1,沁园春-玉兰主题,type_a,春怨秋悲,星霜,1,0.038462,1,0.500000,0.045372,11.020000,10,2,26
c1,沁园春-玉兰主题,type_a,春怨秋悲,鬓霜,1,0.038462,1,0.500000,0.007260,68.875000,11,2,26
c1,沁园春-玉兰主题,type_a,春怨秋悲,孤云,1,0.038462,1,0.500000,0.001815,275.500000,12,2,26
c1,沁园春-玉兰主题,type_a,春怨秋悲,明月,1,0.038462,1,0.500000,0.063521,7.871429,13,2,26
c1,沁园春-玉兰主题,type_a,春怨秋悲,暗水,1,0.038462,1,0.500000,0.001815,275.500000,14,2,26
c1,沁园春-玉兰主题,type_a,春怨秋悲,回塘,1,0.038462,1,0.500000,0.001815,275.500000,15,2,26
c1,沁园春-玉兰主题,type_a,春怨秋悲,书海,1,0.038462,1,0.500000,0.019964,25.045455,16,2,26
c1,沁园春-玉兰主题,type_a,春怨秋悲,倦翼,1,0.038462,1,0.500000,0.001815,275.500000,17,2,26
c1,沁园春-玉兰主题,type_a,春怨秋悲,青灯,1,0.038462,1,0.500000,0.025408,19.678571,18,2,26
c1,沁园春-玉兰主题,type_a,春怨秋悲,残篇,1,0.038462,1,0.500000,0.007260,68.875000,19,2,26
c1,沁园春-玉兰主题,type_a,春怨秋悲,冷砚,1,0.038462,1,0.500000,0.014519,34.437500,20,2,26
c1,沁园春-玉兰主题,type_a,离别羁旅,寒窗,3,0.062500,3,0.750000,0.166969,4.491848,1,4,48
c1,沁园春-玉兰主题,type_a,离别羁旅,长街,3,0.062500,3,0.750000,0.070780,10.596154,2,4,48
c1,沁园春-玉兰主题,type_a,离别羁旅,墨卷,2,0.041667,2,0.500000,0.021779,22.958333,3,4,48
c1,沁园春-玉兰主题,type_a,离别羁旅,青灯,2,0.041667,2,0.500000,0.025408,19.678571,4,4,48
c1,沁园春-玉兰主题,type_a,离别羁旅,冷庭,1,0.020833,1,0.250000,0.001815,137.750000,5,4,48
c1,沁园春-玉兰主题,type_a,离别羁旅,白衣,1,0.020833,1,0.250000,0.001815,137.750000,6,4,48
c1,沁园春-玉兰主题,type_a,离别羁旅,雾嶂,1,0.020833,1,0.250000,0.001815,137.750000,7,4,48
c1,沁园春-玉兰主题,type_a,离别羁旅,飘蓬,1,0.020833,1,0.250000,0.012704,19.678571,8,4,48
c1,沁园春-玉兰主题,type_a,离别羁旅,野萍,1,0.020833,1,0.250000,0.001815,137.750000,9,4,48
c1,沁园春-玉兰主题,type_a,离别羁旅,霜风,1,0.020833,1,0.250000,0.019964,12.522727,10,4,48
c1,沁园春-玉兰主题,type_a,离别羁旅,客舟,1,0.020833,1,0.250000,0.010889,22.958333,11,4,48
c1,沁园春-玉兰主题,type_a,离别羁旅,墨池,1,0.020833,1,0.250000,0.010889,22.958333,12,4,48
c1,沁园春-玉兰主题,type_a,离别羁旅,锦字,1,0.020833,1,0.250000,0.005445,45.916667,13,4,48
c1,沁园春-玉兰主题,type_a,离别羁旅,朱门,1,0.020833,1,0.250000,0.029038,8.609375,14,4,48
c1,沁园春-玉兰主题,type_a,离别羁旅,云天,1,0.020833,1,0.250000,0.007260,34.437500,15,4,48
c1,沁园春-玉兰主题,type_a,离别羁旅,琼枝,1,0.020833,1,0.250000,0.232305,1.076172,16,4,48
c1,沁园春-玉兰主题,type_a,离别羁旅,小楼,1,0.020833,1,0.250000,0.007260,34.437500,17,4,48
c1,沁园春-玉兰主题,type_a,离别羁旅,冰绡,1,0.020833,1,0.250000,0.061706,4.051471,18,4,48
c1,沁园春-玉兰主题,type_a,离别羁旅,寒雪,1,0.020833,1,0.250000,0.029038,8.609375,19,4,48
c1,沁园春-玉兰主题,type_a,离别羁旅,西州,1,0.020833,1,0.250000,0.001815,137.750000,20,4,48
c1,沁园春-玉兰主题,type_a,谈禅说理,霜锋,1,0.041667,1,1.000000,0.019964,50.090909,1,1,24
c1,沁园春-玉兰主题,type_a,谈禅说理,书卷,1,0.041667,1,1.000000,0.058076,17.218750,2,1,24
c1,沁园春-玉兰主题,type_a,谈禅说理,星沉,1,0.041667,1,1.000000,0.001815,551.000000,3,1,24
c1,沁园春-玉兰主题,type_a,谈禅说理,芸窗,1,0.041667,1,1.000000,0.018149,55.100000,4,1,24
c1,沁园春-玉兰主题,type_a,谈禅说理,残编,1,0.041667,1,1.000000,0.036298,27.550000,5,1,24
c1,沁园春-玉兰主题,type_a,谈禅说理,长亭,1,0.041667,1,1.000000,0.019964,50.090909,6,1,24
c1,沁园春-玉兰主题,type_a,谈禅说理,孤影,1,0.041667,1,1.000000,0.025408,39.357143,7,1,24
c1,沁园春-玉兰主题,type_a,谈禅说理,秋池,1,0.041667,1,1.000000,0.001815,551.000000,8,1,24
c1,沁园春-玉兰主题,type_a,谈禅说理,弦,1,0.041667,1,1.000000,0.001815,551.000000,9,1,24
c1,沁园春-玉兰主题,type_a,谈禅说理,断雁,1,0.041667,1,1.000000,0.001815,551.000000,10,1,24
c1,沁园春-玉兰主题,type_a,谈禅说理,舟,1,0.041667,1,1.000000,0.003630,275.500000,11,1,24
c1,沁园春-玉兰主题,type_a,谈禅说理,琼枝,1,0.041667,1,1.000000,0.232305,4.304688,12,1,24
c1,沁园春-玉兰主题,type_a,谈禅说理,雪,1,0.041667,1,1.000000,0.076225,13.119048,13,1,24
c1,沁园春-玉兰主题,type_a,谈禅说理,素萼,1,0.041667,1,1.000000,0.098004,10.203704,14,1,24
c1,沁园春-玉兰主题,type_a,谈禅说理,东风,1,0.041667,1,1.000000,0.052632,19.000000,15,1,24
c1,沁园春-玉兰主题,type_a,谈禅说理,重关,1,0.041667,1,1.000000,0.007260,137.750000,16,1,24
c1,沁园春-玉兰主题,type_a,谈禅说理,冰骨,1,0.041667,1,1.000000,0.001815,551.000000,17,1,24
c1,沁园春-玉兰主题,type_a,谈禅说理,晓暾,1,0.041667,1,1.000000,0.005445,183.666667,18,1,24
c1,沁园春-玉兰主题,type_a,谈禅说理,清芬,1,0.041667,1,1.000000,0.127042,7.871429,19,1,24
c1,沁园春-玉兰主题,type_a,谈禅说理,岁华,1,0.041667,1,1.000000,0.001815,551.000000,20,1,24
c1,沁园春-玉兰主题,type_a,豪情壮志,玉兰,12,0.016713,12,0.200000,0.266788,0.749660,1,60,718
c1,沁园春-玉兰主题,type_a,豪情壮志,风埃,11,0.015320,11,0.183333,0.107078,1.712147,2,60,718
c1,沁园春-玉兰主题,type_a,豪情壮志,琼英,11,0.015320,11,0.183333,0.156080,1.174612,3,60,718
c1,沁园春-玉兰主题,type_a,豪情壮志,琼枝,11,0.015320,11,0.183333,0.232305,0.789193,4,60,718
c1,沁园春-玉兰主题,type_a,豪情壮志,清芬,10,0.013928,10,0.166667,0.127042,1.311905,5,60,718
c1,沁园春-玉兰主题,type_a,豪情壮志,灯窗,9,0.012535,9,0.150000,0.063521,2.361429,6,60,718
c1,沁园春-玉兰主题,type_a,豪情壮志,寒窗,9,0.012535,9,0.150000,0.166969,0.898370,7,60,718
c1,沁园春-玉兰主题,type_a,豪情壮志,长风,8,0.011142,8,0.133333,0.088929,1.499320,8,60,718
c1,沁园春-玉兰主题,type_a,豪情壮志,孤灯,7,0.009749,7,0.116667,0.088929,1.311905,9,60,718
c1,沁园春-玉兰主题,type_a,豪情壮志,清光,7,0.009749,7,0.116667,0.041742,2.794928,10,60,718
c1,沁园春-玉兰主题,type_a,豪情壮志,冰绡,7,0.009749,7,0.116667,0.061706,1.890686,11,60,718
c1,沁园春-玉兰主题,type_a,豪情壮志,白雪,7,0.009749,7,0.116667,0.074410,1.567886,12,60,718
c1,沁园春-玉兰主题,type_a,豪情壮志,风雨,7,0.009749,7,0.116667,0.056261,2.073656,13,60,718
c1,沁园春-玉兰主题,type_a,豪情壮志,长街,7,0.009749,7,0.116667,0.070780,1.648291,14,60,718
c1,沁园春-玉兰主题,type_a,豪情壮志,青衿,7,0.009749,7,0.116667,0.047187,2.472436,15,60,718
c1,沁园春-玉兰主题,type_a,豪情壮志,云程,6,0.008357,6,0.100000,0.030853,3.241176,16,60,718
c1,沁园春-玉兰主题,type_a,豪情壮志,残灯,6,0.008357,6,0.100000,0.059891,1.669697,17,60,718
c1,沁园春-玉兰主题,type_a,豪情壮志,晴光,6,0.008357,6,0.100000,0.059891,1.669697,18,60,718
c1,沁园春-玉兰主题,type_a,豪情壮志,玉树,5,0.006964,5,0.083333,0.145191,0.573958,19,60,718
c1,沁园春-玉兰主题,type_a,豪情壮志,冷雨,5,0.006964,5,0.083333,0.056261,1.481183,20,60,718
c1,沁园春-玉兰主题,type_a,闲适隐逸,书卷,1,0.125000,1,1.000000,0.058076,17.218750,1,1,8
c1,沁园春-玉兰主题,type_a,闲适隐逸,花信,1,0.125000,1,1.000000,0.001815,551.000000,2,1,8
c1,沁园春-玉兰主题,type_a,闲适隐逸,玉兰,1,0.125000,1,1.000000,0.266788,3.748299,3,1,8
c1,沁园春-玉兰主题,type_a,闲适隐逸,晚丘,1,0.125000,1,1.000000,0.001815,551.000000,4,1,8
c1,沁园春-玉兰主题,type_a,闲适隐逸,东风,1,0.125000,1,1.000000,0.052632,19.000000,5,1,8
c1,沁园春-玉兰主题,type_a,闲适隐逸,枝头,1,0.125000,1,1.000000,0.025408,39.357143,6,1,8
c1,沁园春-玉兰主题,type_a,闲适隐逸,孤灯,1,0.125000,1,1.000000,0.088929,11.244898,7,1,8
c1,沁园春-玉兰主题,type_a,闲适隐逸,白鸥,1,0.125000,1,1.000000,0.007260,137.750000,8,1,8
c2,沁园春-改革主题,type_e,咏物寄托,青衿,7,0.023649,7,0.269231,0.174242,1.545151,1,26,296
c2,沁园春-改革主题,type_e,咏物寄托,丹炉,7,0.023649,7,0.269231,0.136364,1.974359,2,26,296
c2,沁园春-改革主题,type_e,咏物寄托,青锋,4,0.013514,4,0.153846,0.049242,3.124260,3,26,296
c2,沁园春-改革主题,type_e,咏物寄托,剑阁,4,0.013514,4,0.153846,0.079545,1.934066,4,26,296
c2,沁园春-改革主题,type_e,咏物寄托,玉简,3,0.010135,3,0.115385,0.026515,4.351648,5,26,296
c2,沁园春-改革主题,type_e,咏物寄托,仙峰,3,0.010135,3,0.115385,0.094697,1.218462,6,26,296
c2,沁园春-改革主题,type_e,咏物寄托,丹台,3,0.010135,3,0.115385,0.083333,1.384615,7,26,296
c2,沁园春-改革主题,type_e,咏物寄托,铁律,3,0.010135,3,0.115385,0.068182,1.692308,8,26,296
c2,沁园春-改革主题,type_e,咏物寄托,灵根,3,0.010135,3,0.115385,0.143939,0.801619,9,26,296
c2,沁园春-改革主题,type_e,咏物寄托,弟子,3,0.010135,3,0.115385,0.079545,1.450549,10,26,296
c2,沁园春-改革主题,type_e,咏物寄托,危机,3,0.010135,3,0.115385,0.018939,6.092308,11,26,296
c2,沁园春-改革主题,type_e,咏物寄托,长老,3,0.010135,3,0.115385,0.049242,2.343195,12,26,296
c2,沁园春-改革主题,type_e,咏物寄托,宗规,3,0.010135,3,0.115385,0.026515,4.351648,13,26,296
c2,沁园春-改革主题,type_e,咏物寄托,晨钟,3,0.010135,3,0.115385,0.132576,0.870330,14,26,296
c2,沁园春-改革主题,type_e,咏物寄托,暮鼓,3,0.010135,3,0.115385,0.113636,1.015385,15,26,296
c2,沁园春-改革主题,type_e,咏物寄托,星槎,3,0.010135,3,0.115385,0.022727,5.076923,16,26,296
c2,沁园春-改革主题,type_e,咏物寄托,剑气,3,0.010135,3,0.115385,0.068182,1.692308,17,26,296
c2,沁园春-改革主题,type_e,咏物寄托,星斗,3,0.010135,3,0.115385,0.037879,3.046154,18,26,296
c2,沁园春-改革主题,type_e,咏物寄托,古训,3,0.010135,3,0.115385,0.037879,3.046154,19,26,296
c2,沁园春-改革主题,type_e,咏物寄托,新枝,3,0.010135,3,0.115385,0.018939,6.092308,20,26,296
c2,沁园春-改革主题,type_e,谈禅说理,樊笼,26,0.019274,26,0.172185,0.143939,1.196236,1,151,1349
c2,沁园春-改革主题,type_e,谈禅说理,青衿,22,0.016308,22,0.145695,0.174242,0.836165,2,151,1349
c2,沁园春-改革主题,type_e,谈禅说理,仙峰,19,0.014085,19,0.125828,0.094697,1.328742,3,151,1349
c2,沁园春-改革主题,type_e,谈禅说理,晨钟,18,0.013343,18,0.119205,0.132576,0.899149,4,151,1349
c2,沁园春-改革主题,type_e,谈禅说理,灵根,18,0.013343,18,0.119205,0.143939,0.828163,5,151,1349
c2,沁园春-改革主题,type_e,谈禅说理,丹台,17,0.012602,17,0.112583,0.083333,1.350993,6,151,1349
c2,沁园春-改革主题,type_e,谈禅说理,劫火,15,0.011119,15,0.099338,0.075758,1.311258,7,151,1349
c2,沁园春-改革主题,type_e,谈禅说理,云,15,0.011119,15,0.099338,0.060606,1.639073,8,151,1349
c2,沁园春-改革主题,type_e,谈禅说理,暮鼓,15,0.011119,15,0.099338,0.113636,0.874172,9,151,1349
c2,沁园春-改革主题,type_e,谈禅说理,剑影,14,0.010378,14,0.092715,0.075758,1.223841,10,151,1349
c2,沁园春-改革主题,type_e,谈禅说理,万木,14,0.010378,14,0.092715,0.056818,1.631788,11,151,1349
c2,沁园春-改革主题,type_e,谈禅说理,丹炉,13,0.009637,13,0.086093,0.136364,0.631347,12,151,1349
c2,沁园春-改革主题,type_e,谈禅说理,鹤,12,0.008895,12,0.079470,0.060606,1.311258,13,151,1349
c2,沁园春-改革主题,type_e,谈禅说理,春风,11,0.008154,11,0.072848,0.087121,0.836165,14,151,1349
c2,沁园春-改革主题,type_e,谈禅说理,妖氛,10,0.007413,10,0.066225,0.053030,1.248817,15,151,1349
c2,沁园春-改革主题,type_e,谈禅说理,雾,10,0.007413,10,0.066225,0.041667,1.589404,16,151,1349
c2,沁园春-改革主题,type_e,谈禅说理,云雾,9,0.006672,9,0.059603,0.053030,1.123936,17,151,1349
c2,沁园春-改革主题,type_e,谈禅说理,弟子,9,0.006672,9,0.059603,0.079545,0.749290,18,151,1349
c2,沁园春-改革主题,type_e,谈禅说理,云涛,8,0.005930,8,0.052980,0.045455,1.165563,19,151,1349
c2,沁园春-改革主题,type_e,谈禅说理,松风,8,0.005930,8,0.052980,0.041667,1.271523,20,151,1349
c2,沁园春-改革主题,type_e,豪情壮志,灵根,17,0.019860,17,0.197674,0.143939,1.373317,1,86,856
c2,沁园春-改革主题,type_e,豪情壮志,青衿,17,0.019860,17,0.197674,0.174242,1.134479,2,86,856
c2,沁园春-改革主题,type_e,豪情壮志,丹炉,16,0.018692,16,0.186047,0.136364,1.364341,3,86,856
c2,沁园春-改革主题,type_e,豪情壮志,晨钟,14,0.016355,14,0.162791,0.132576,1.227907,4,86,856
c2,沁园春-改革主题,type_e,豪情壮志,宗门,13,0.015187,13,0.151163,0.071970,2.100367,5,86,856
c2,沁园春-改革主题,type_e,豪情壮志,铁律,12,0.014019,12,0.139535,0.068182,2.046512,6,86,856
c2,沁园春-改革主题,type_e,豪情壮志,暮鼓,12,0.014019,12,0.139535,0.113636,1.227907,7,86,856
c2,沁园春-改革主题,type_e,豪情壮志,樊笼,10,0.011682,10,0.116279,0.143939,0.807834,8,86,856
c2,沁园春-改革主题,type_e,豪情壮志,春风,10,0.011682,10,0.116279,0.087121,1.334681,9,86,856
c2,沁园春-改革主题,type_e,豪情壮志,弟子,9,0.010514,9,0.104651,0.079545,1.315615,10,86,856
c2,沁园春-改革主题,type_e,豪情壮志,长风,9,0.010514,9,0.104651,0.068182,1.534884,11,86,856
c2,沁园春-改革主题,type_e,豪情壮志,剑气,9,0.010514,9,0.104651,0.068182,1.534884,12,86,856
c2,沁园春-改革主题,type_e,豪情壮志,剑阁,9,0.010514,9,0.104651,0.079545,1.315615,13,86,856
c2,沁园春-改革主题,type_e,豪情壮志,长老,8,0.009346,8,0.093023,0.049242,1.889088,14,86,856
c2,沁园春-改革主题,type_e,豪情壮志,寒霜,7,0.008178,7,0.081395,0.053030,1.534884,15,86,856
c2,沁园春-改革主题,type_e,豪情壮志,长夜,7,0.008178,7,0.081395,0.037879,2.148837,16,86,856
c2,沁园春-改革主题,type_e,豪情壮志,冷月,7,0.008178,7,0.081395,0.045455,1.790698,17,86,856
c2,沁园春-改革主题,type_e,豪情壮志,剑阵,7,0.008178,7,0.081395,0.041667,1.953488,18,86,856
c2,沁园春-改革主题,type_e,豪情壮志,青锋,7,0.008178,7,0.081395,0.049242,1.652952,19,86,856
c2,沁园春-改革主题,type_e,豪情壮志,松涛,6,0.007009,6,0.069767,0.056818,1.227907,20,86,856
c2,沁园春-改革主题,type_e,闲适隐逸,前路,1,0.333333,1,1.000000,0.034091,29.333333,1,1,3
c2,沁园春-改革主题,type_e,闲适隐逸,栏干,1,0.333333,1,1.000000,0.011364,88.000000,2,1,3
c2,沁园春-改革主题,type_e,闲适隐逸,清风,1,0.333333,1,1.000000,0.030303,33.000000,3,1,3
